{"15": {"three_month": {"LSTM": {"score": {"可靠性得分": 1.0, "稳定性得分": 0.4586759395404698, "鲁棒性得分": 0.5392388367966632, "透明性得分": 0.0, "解释效果得分": 0.0}, "stocks": ["601155.SH", "603899.SH", "002271.SZ"]}, "GRU": {"score": {"可靠性得分": 0.41596159215565187, "稳定性得分": 0.8465108014963656, "鲁棒性得分": 0.0, "透明性得分": 0.0, "解释效果得分": 0.0}, "stocks": ["601155.SH", "600606.SH", "601888.SH"]}, "MLP": {"score": {"可靠性得分": 0.8298489519651877, "稳定性得分": 1.0, "鲁棒性得分": 1.0, "透明性得分": 0.0, "解释效果得分": 0.0}, "stocks": ["002460.SZ", "002466.SZ", "002812.SZ"]}, "NRSR": {"score": {"可靠性得分": 0.7236074869198426, "稳定性得分": 0.9899089073279868, "鲁棒性得分": 0.2865951514926124, "透明性得分": 1.0, "解释效果得分": 0.9820666605519296}, "stocks": ["601155.SH", "603899.SH", "600606.SH"]}, "relation_GATs": {"score": {"可靠性得分": 0.0, "稳定性得分": 0.0, "鲁棒性得分": 0.09308655244087305, "透明性得分": 1.0, "解释效果得分": 1.0}, "stocks": ["601155.SH", "600606.SH", "002271.SZ"]}}, "six_month": {"LSTM": {"score": {"可靠性得分": 0.6244243069245083, "稳定性得分": 0.665397203840624, "鲁棒性得分": 0.5583010316841026, "透明性得分": 0.0, "解释效果得分": 0.0}, "stocks": ["002352.SZ", "601111.SH", "000786.SZ"]}, "GRU": {"score": {"可靠性得分": 0.0, "稳定性得分": 0.5707859269654536, "鲁棒性得分": 0.0, "透明性得分": 0.0, "解释效果得分": 0.0}, "stocks": ["002352.SZ", "000786.SZ", "600018.SH"]}, "MLP": {"score": {"可靠性得分": 0.9999999999999998, "稳定性得分": 1.0000000000000009, "鲁棒性得分": 1.0, "透明性得分": 0.0, "解释效果得分": 0.0}, "stocks": ["603833.SH", "603899.SH", "002352.SZ"]}, "NRSR": {"score": {"可靠性得分": 0.0735191422110173, "稳定性得分": 0.9533781912271833, "鲁棒性得分": 0.27117499065559514, "透明性得分": 1.0, "解释效果得分": 0.9507258821104808}, "stocks": ["000786.SZ", "002352.SZ", "603899.SH"]}, "relation_GATs": {"score": {"可靠性得分": 0.11477998718349314, "稳定性得分": 0.0, "鲁棒性得分": 0.07359284158190604, "透明性得分": 1.0, "解释效果得分": 1.0}, "stocks": ["002352.SZ", "601111.SH", "600029.SH"]}}, "one_year": {"LSTM": {"score": {"可靠性得分": 0.5883095386155881, "稳定性得分": 0.5754702184364975, "鲁棒性得分": 0.5611892187074474, "透明性得分": 0.0, "解释效果得分": 0.0}, "stocks": ["002352.SZ", "600519.SH", "000786.SZ"]}, "GRU": {"score": {"可靠性得分": 0.03540029495942565, "稳定性得分": 0.5953775881519237, "鲁棒性得分": 0.0, "透明性得分": 0.0, "解释效果得分": 0.0}, "stocks": ["002352.SZ", "000786.SZ", "603288.SH"]}, "MLP": {"score": {"可靠性得分": 1.0000000000000002, "稳定性得分": 1.0, "鲁棒性得分": 1.0, "透明性得分": 0.0, "解释效果得分": 0.0}, "stocks": ["603833.SH", "002352.SZ", "002812.SZ"]}, "NRSR": {"score": {"可靠性得分": 0.28921907202972563, "稳定性得分": 0.8137837478637113, "鲁棒性得分": 0.20504469793944935, "透明性得分": 1.0, "解释效果得分": 0.7958694494119383}, "stocks": ["000786.SZ", "600515.SH", "002352.SZ"]}, "relation_GATs": {"score": {"可靠性得分": 0.0, "稳定性得分": 0.0, "鲁棒性得分": 0.06236522644453402, "透明性得分": 1.0, "解释效果得分": 1.0}, "stocks": ["002352.SZ", "601111.SH", "000776.SZ"]}}}, "30": {"three_month": {"LSTM": {"score": {"可靠性得分": 1.0, "稳定性得分": 0.4586759395404698, "鲁棒性得分": 0.5392388367966632, "透明性得分": 0.0, "解释效果得分": 0.0}, "stocks": ["601155.SH", "603899.SH", "002271.SZ"]}, "GRU": {"score": {"可靠性得分": 0.41596159215565187, "稳定性得分": 0.8465108014963656, "鲁棒性得分": 0.0, "透明性得分": 0.0, "解释效果得分": 0.0}, "stocks": ["601155.SH", "600606.SH", "601888.SH"]}, "MLP": {"score": {"可靠性得分": 0.8298489519651877, "稳定性得分": 1.0, "鲁棒性得分": 1.0, "透明性得分": 0.0, "解释效果得分": 0.0}, "stocks": ["002460.SZ", "002466.SZ", "002812.SZ"]}, "NRSR": {"score": {"可靠性得分": 0.7236074869198426, "稳定性得分": 0.9899089073279868, "鲁棒性得分": 0.2865951514926124, "透明性得分": 1.0, "解释效果得分": 0.9820666605519296}, "stocks": ["601155.SH", "603899.SH", "600606.SH"]}, "relation_GATs": {"score": {"可靠性得分": 0.0, "稳定性得分": 0.0, "鲁棒性得分": 0.09308655244087305, "透明性得分": 1.0, "解释效果得分": 1.0}, "stocks": ["601155.SH", "600606.SH", "002271.SZ"]}}, "six_month": {"LSTM": {"score": {"可靠性得分": 0.6244243069245083, "稳定性得分": 0.665397203840624, "鲁棒性得分": 0.5583010316841026, "透明性得分": 0.0, "解释效果得分": 0.0}, "stocks": ["002352.SZ", "601111.SH", "000786.SZ"]}, "GRU": {"score": {"可靠性得分": 0.0, "稳定性得分": 0.5707859269654536, "鲁棒性得分": 0.0, "透明性得分": 0.0, "解释效果得分": 0.0}, "stocks": ["002352.SZ", "000786.SZ", "600018.SH"]}, "MLP": {"score": {"可靠性得分": 0.9999999999999998, "稳定性得分": 1.0000000000000009, "鲁棒性得分": 1.0, "透明性得分": 0.0, "解释效果得分": 0.0}, "stocks": ["603833.SH", "603899.SH", "002352.SZ"]}, "NRSR": {"score": {"可靠性得分": 0.0735191422110173, "稳定性得分": 0.9533781912271833, "鲁棒性得分": 0.27117499065559514, "透明性得分": 1.0, "解释效果得分": 0.9507258821104808}, "stocks": ["000786.SZ", "002352.SZ", "603899.SH"]}, "relation_GATs": {"score": {"可靠性得分": 0.11477998718349314, "稳定性得分": 0.0, "鲁棒性得分": 0.07359284158190604, "透明性得分": 1.0, "解释效果得分": 1.0}, "stocks": ["002352.SZ", "601111.SH", "600029.SH"]}}, "one_year": {"LSTM": {"score": {"可靠性得分": 0.5883095386155881, "稳定性得分": 0.5754702184364975, "鲁棒性得分": 0.5611892187074474, "透明性得分": 0.0, "解释效果得分": 0.0}, "stocks": ["002352.SZ", "600519.SH", "000786.SZ"]}, "GRU": {"score": {"可靠性得分": 0.03540029495942565, "稳定性得分": 0.5953775881519237, "鲁棒性得分": 0.0, "透明性得分": 0.0, "解释效果得分": 0.0}, "stocks": ["002352.SZ", "000786.SZ", "603288.SH"]}, "MLP": {"score": {"可靠性得分": 1.0000000000000002, "稳定性得分": 1.0, "鲁棒性得分": 1.0, "透明性得分": 0.0, "解释效果得分": 0.0}, "stocks": ["603833.SH", "002352.SZ", "002812.SZ"]}, "NRSR": {"score": {"可靠性得分": 0.28921907202972563, "稳定性得分": 0.8137837478637113, "鲁棒性得分": 0.20504469793944935, "透明性得分": 1.0, "解释效果得分": 0.7958694494119383}, "stocks": ["000786.SZ", "600515.SH", "002352.SZ"]}, "relation_GATs": {"score": {"可靠性得分": 0.0, "稳定性得分": 0.0, "鲁棒性得分": 0.06236522644453402, "透明性得分": 1.0, "解释效果得分": 1.0}, "stocks": ["002352.SZ", "601111.SH", "000776.SZ"]}}}, "60": {"three_month": {"LSTM": {"score": {"可靠性得分": 1.0, "稳定性得分": 0.4586759395404698, "鲁棒性得分": 0.5392388367966632, "透明性得分": 0.0, "解释效果得分": 0.0}, "stocks": ["601155.SH", "603899.SH", "002271.SZ"]}, "GRU": {"score": {"可靠性得分": 0.41596159215565187, "稳定性得分": 0.8465108014963656, "鲁棒性得分": 0.0, "透明性得分": 0.0, "解释效果得分": 0.0}, "stocks": ["601155.SH", "600606.SH", "601888.SH"]}, "MLP": {"score": {"可靠性得分": 0.8298489519651877, "稳定性得分": 1.0, "鲁棒性得分": 1.0, "透明性得分": 0.0, "解释效果得分": 0.0}, "stocks": ["002460.SZ", "002466.SZ", "002812.SZ"]}, "NRSR": {"score": {"可靠性得分": 0.7236074869198426, "稳定性得分": 0.9899089073279868, "鲁棒性得分": 0.2865951514926124, "透明性得分": 1.0, "解释效果得分": 0.9820666605519296}, "stocks": ["601155.SH", "603899.SH", "600606.SH"]}, "relation_GATs": {"score": {"可靠性得分": 0.0, "稳定性得分": 0.0, "鲁棒性得分": 0.09308655244087305, "透明性得分": 1.0, "解释效果得分": 1.0}, "stocks": ["601155.SH", "600606.SH", "002271.SZ"]}}, "six_month": {"LSTM": {"score": {"可靠性得分": 0.6244243069245083, "稳定性得分": 0.665397203840624, "鲁棒性得分": 0.5583010316841026, "透明性得分": 0.0, "解释效果得分": 0.0}, "stocks": ["002352.SZ", "601111.SH", "000786.SZ"]}, "GRU": {"score": {"可靠性得分": 0.0, "稳定性得分": 0.5707859269654536, "鲁棒性得分": 0.0, "透明性得分": 0.0, "解释效果得分": 0.0}, "stocks": ["002352.SZ", "000786.SZ", "600018.SH"]}, "MLP": {"score": {"可靠性得分": 0.9999999999999998, "稳定性得分": 1.0000000000000009, "鲁棒性得分": 1.0, "透明性得分": 0.0, "解释效果得分": 0.0}, "stocks": ["603833.SH", "603899.SH", "002352.SZ"]}, "NRSR": {"score": {"可靠性得分": 0.0735191422110173, "稳定性得分": 0.9533781912271833, "鲁棒性得分": 0.27117499065559514, "透明性得分": 1.0, "解释效果得分": 0.9507258821104808}, "stocks": ["000786.SZ", "002352.SZ", "603899.SH"]}, "relation_GATs": {"score": {"可靠性得分": 0.11477998718349314, "稳定性得分": 0.0, "鲁棒性得分": 0.07359284158190604, "透明性得分": 1.0, "解释效果得分": 1.0}, "stocks": ["002352.SZ", "601111.SH", "600029.SH"]}}, "one_year": {"LSTM": {"score": {"可靠性得分": 0.5883095386155881, "稳定性得分": 0.5754702184364975, "鲁棒性得分": 0.5611892187074474, "透明性得分": 0.0, "解释效果得分": 0.0}, "stocks": ["002352.SZ", "600519.SH", "000786.SZ"]}, "GRU": {"score": {"可靠性得分": 0.03540029495942565, "稳定性得分": 0.5953775881519237, "鲁棒性得分": 0.0, "透明性得分": 0.0, "解释效果得分": 0.0}, "stocks": ["002352.SZ", "000786.SZ", "603288.SH"]}, "MLP": {"score": {"可靠性得分": 1.0000000000000002, "稳定性得分": 1.0, "鲁棒性得分": 1.0, "透明性得分": 0.0, "解释效果得分": 0.0}, "stocks": ["603833.SH", "002352.SZ", "002812.SZ"]}, "NRSR": {"score": {"可靠性得分": 0.28921907202972563, "稳定性得分": 0.8137837478637113, "鲁棒性得分": 0.20504469793944935, "透明性得分": 1.0, "解释效果得分": 0.7958694494119383}, "stocks": ["000786.SZ", "600515.SH", "002352.SZ"]},