{
  "15": {
    "three_month": {
      "LSTM": {
        "score": {
          "可靠性得分": 0.47819197552642256,
          "稳定性得分": 0.15945280011134244,
          "鲁棒性得分": 0.43255478038236816,
          "透明性得分": 0.0,
          "解释效果得分": 0.0
        },
        "stocks": ["601155.SH", "300308.SZ", "000002.SZ"]
      },
      "GRU": {
        "score": {
          "可靠性得分": 1.0,
          "稳定性得分": 0.14105631740463087,
          "鲁棒性得分": 0.1322856284665903,
          "透明性得分": 0.0,
          "解释效果得分": 0.0
        },
        "stocks": ["300751.SZ", "600048.SH", "603833.SH"]
      },
      "MLP": {
        "score": {
          "可靠性得分": 0.0,
          "稳定性得分": 0.5662333900118179,
          "鲁棒性得分": 1.0,
          "透明性得分": 0.0,
          "解释效果得分": 0.0
        },
        "stocks": ["300308.SZ", "601155.SH", "600039.SH"]
      },
      "KEnhance": {
        "score": {
          "可靠性得分": 0.3849835084740069,
          "稳定性得分": 1.0,
          "鲁棒性得分": 0.041507055437612905,
          "透明性得分": 1.0,
          "解释效果得分": 0.672165395258191
        },
        "stocks": ["600048.SH", "603833.SH", "000002.SZ"]
      },
      "relation_GATs": {
        "score": {
          "可靠性得分": 0.6967515900945407,
          "稳定性得分": 0.0,
          "鲁棒性得分": 0.0,
          "透明性得分": 1.0,
          "解释效果得分": 1.0
        },
        "stocks": ["600039.SH", "002410.SZ", "603833.SH"]
      }
    },
    "six_month": {
      "LSTM": {
        "score": {
          "可靠性得分": 0.5414726065863494,
          "稳定性得分": 0.2338218330154942,
          "鲁棒性得分": 0.41541072075476393,
          "透明性得分": 0.0,
          "解释效果得分": 0.0
        },
        "stocks": ["000002.SZ", "601155.SH", "600048.SH"]
      },
      "GRU": {
        "score": {
          "可靠性得分": 0.9999999999999999,
          "稳定性得分": 0.556227732977256,
          "鲁棒性得分": 0.08349541490980528,
          "透明性得分": 0.0,
          "解释效果得分": 0.0
        },
        "stocks": ["600048.SH", "002410.SZ", "601155.SH"]
      },
      "MLP": {
        "score": {
          "可靠性得分": 0.0,
          "稳定性得分": 0.5659502310003348,
          "鲁棒性得分": 1.0,
          "透明性得分": 0.0,
          "解释效果得分": 0.0
        },
        "stocks": ["300308.SZ", "600048.SH", "601816.SH"]
      },
      "KEnhance": {
        "score": {
          "可靠性得分": 0.4007141951209767,
          "稳定性得分": 1.0,
          "鲁棒性得分": 0.09690727191107129,
          "透明性得分": 1.0,
          "解释效果得分": 0.6865682520758493
        },
        "stocks": ["600048.SH", "000002.SZ", "601155.SH"]
      },
      "relation_GATs": {
        "score": {
          "可靠性得分": 0.7328578029934989,
          "稳定性得分": 0.0,
          "鲁棒性得分": 0.0,
          "透明性得分": 1.0,
          "解释效果得分": 1.0
        },
        "stocks": ["600039.SH", "603833.SH", "002410.SZ"]
      }
    },
    "one_year": {
      "LSTM": {
        "score": {
          "可靠性得分": 0.44617958595018725,
          "稳定性得分": 0.21145097957527437,
          "鲁棒性得分": 0.4453614805630721,
          "透明性得分": 0.0,
          "解释效果得分": 0.0
        },
        "stocks": ["601155.SH", "000002.SZ", "603833.SH"]
      },
      "GRU": {
        "score": {
          "可靠性得分": 1.0,
          "稳定性得分": 0.7291759441726882,
          "鲁棒性得分": 0.06909175326848782,
          "透明性得分": 0.0,
          "解释效果得分": 0.0
        },
        "stocks": ["601155.SH", "603833.SH", "600926.SH"]
      },
      "MLP": {
        "score": {
          "可靠性得分": 0.0,
          "稳定性得分": 0.49882176358490016,
          "鲁棒性得分": 1.0,
          "透明性得分": 0.0,
          "解释效果得分": 0.0
        },
        "stocks": ["002410.SZ", "603833.SH", "002142.SZ"]
      },
      "KEnhance": {
        "score": {
          "可靠性得分": 0.6116933343058376,
          "稳定性得分": 1.0,
          "鲁棒性得分": 0.12336228434588037,
          "透明性得分": 1.0,
          "解释效果得分": 0.6450035622591089
        },
        "stocks": ["601155.SH", "000002.SZ", "603833.SH"]
      },
      "relation_GATs": {
        "score": {
          "可靠性得分": 0.7652748581667146,
          "稳定性得分": 0.0,
          "鲁棒性得分": 0.0,
          "透明性得分": 1.0,
          "解释效果得分": 1.0
        },
        "stocks": ["603899.SH", "603833.SH", "600039.SH"]
      }
    }
  },
  "30": {
    "three_month": {
      "LSTM": {
        "score": {
          "可靠性得分": 0.47819197552642256,
          "稳定性得分": 0.15945280011134244,
          "鲁棒性得分": 0.43255478038236816,
          "透明性得分": 0.0,
          "解释效果得分": 0.0
        },
        "stocks": ["601155.SH", "300308.SZ", "000002.SZ"]
      },
      "GRU": {
        "score": {
          "可靠性得分": 1.0,
          "稳定性得分": 0.14105631740463087,
          "鲁棒性得分": 0.1322856284665903,
          "透明性得分": 0.0,
          "解释效果得分": 0.0
        },
        "stocks": ["300751.SZ", "600048.SH", "603833.SH"]
      },
      "MLP": {
        "score": {
          "可靠性得分": 0.0,
          "稳定性得分": 0.5662333900118179,
          "鲁棒性得分": 1.0,
          "透明性得分": 0.0,
          "解释效果得分": 0.0
        },
        "stocks": ["300308.SZ", "601155.SH", "600039.SH"]
      },
      "KEnhance": {
        "score": {
          "可靠性得分": 0.3849835084740069,
          "稳定性得分": 1.0,
          "鲁棒性得分": 0.041507055437612905,
          "透明性得分": 1.0,
          "解释效果得分": 0.672165395258191
        },
        "stocks": ["600048.SH", "603833.SH", "000002.SZ"]
      },
      "relation_GATs": {
        "score": {
          "可靠性得分": 0.6967515900945407,
          "稳定性得分": 0.0,
          "鲁棒性得分": 0.0,
          "透明性得分": 1.0,
          "解释效果得分": 1.0
        },
        "stocks": ["600039.SH", "002410.SZ", "603833.SH"]
      }
    },
    "six_month": {
      "LSTM": {
        "score": {
          "可靠性得分": 0.5414726065863494,
          "稳定性得分": 0.2338218330154942,
          "鲁棒性得分": 0.41541072075476393,
          "透明性得分": 0.0,
          "解释效果得分": 0.0
        },
        "stocks": ["000002.SZ", "601155.SH", "600048.SH"]
      },
      "GRU": {
        "score": {
          "可靠性得分": 0.9999999999999999,
          "稳定性得分": 0.556227732977256,
          "鲁棒性得分": 0.08349541490980528,
          "透明性得分": 0.0,
          "解释效果得分": 0.0
        },
        "stocks": ["600048.SH", "002410.SZ", "601155.SH"]
      },
      "MLP": {
        "score": {
          "可靠性得分": 0.0,
          "稳定性得分": 0.5659502310003348,
          "鲁棒性得分": 1.0,
          "透明性得分": 0.0,
          "解释效果得分": 0.0
        },
        "stocks": ["300308.SZ", "600048.SH", "601816.SH"]
      },
      "KEnhance": {
        "score": {
          "可靠性得分": 0.4007141951209767,
          "稳定性得分": 1.0,
          "鲁棒性得分": 0.09690727191107129,
          "透明性得分": 1.0,
          "解释效果得分": 0.6865682520758493
        },
        "stocks": ["600048.SH", "000002.SZ", "601155.SH"]
      },
      "relation_GATs": {
        "score": {
          "可靠性得分": 0.7328578029934989,
          "稳定性得分": 0.0,
          "鲁棒性得分": 0.0,
          "透明性得分": 1.0,
          "解释效果得分": 1.0
        },
        "stocks": ["600039.SH", "603833.SH", "002410.SZ"]
      }
    },
    "one_year": {
      "LSTM": {
        "score": {
          "可靠性得分": 0.44617958595018725,
          "稳定性得分": 0.21145097957527437,
          "鲁棒性得分": 0.4453614805630721,
          "透明性得分": 0.0,
          "解释效果得分": 0.0
        },
        "stocks": ["601155.SH", "000002.SZ", "603833.SH"]
      },
      "GRU": {
        "score": {
          "可靠性得分": 1.0,
          "稳定性得分": 0.7291759441726882,
          "鲁棒性得分": 0.06909175326848782,
          "透明性得分": 0.0,
          "解释效果得分": 0.0
        },
        "stocks": ["601155.SH", "603833.SH", "600926.SH"]
      },
      "MLP": {
        "score": {
          "可靠性得分": 0.0,
          "稳定性得分": 0.49882176358490016,
          "鲁棒性得分": 1.0,
          "透明性得分": 0.0,
          "解释效果得分": 0.0
        },
        "stocks": ["002410.SZ", "603833.SH", "002142.SZ"]
      },
      "KEnhance": {
        "score": {
          "可靠性得分": 0.6116933343058376,
          "稳定性得分": 1.0,
          "鲁棒性得分": 0.12336228434588037,
          "透明性得分": 1.0,
          "解释效果得分": 0.6450035622591089
        },
        "stocks": ["601155.SH", "000002.SZ", "603833.SH"]
      },